{
    "confusion_matrix": [
        [
            2691,
            2
        ],
        [
            0,
            142
        ]
    ],
    "classification_report": {
        "False": {
            "precision": 1.0,
            "recall": 0.9992573338284441,
            "f1-score": 0.99962852897474,
            "support": 2693.0
        },
        "True": {
            "precision": 0.9861111111111112,
            "recall": 1.0,
            "f1-score": 0.993006993006993,
            "support": 142.0
        },
        "accuracy": 0.9992945326278659,
        "macro avg": {
            "precision": 0.9930555555555556,
            "recall": 0.999628666914222,
            "f1-score": 0.9963177609908664,
            "support": 2835.0
        },
        "weighted avg": {
            "precision": 0.9993043307858123,
            "recall": 0.9992945326278659,
            "f1-score": 0.9992968682666553,
            "support": 2835.0
        }
    },
    "roc_auc": 1.0,
    "average_precision": 1.0,
    "mcc": 0.9926624601280606,
    "specificity": 0.9992573338284441,
    "sensitivity": 1.0,
    "precision": 0.9861111111111112,
    "recall": 1.0,
    "f1": 0.993006993006993
}