{
    "confusion_matrix": [
        [
            1230,
            30
        ],
        [
            24,
            113
        ]
    ],
    "classification_report": {
        "False": {
            "precision": 0.9808612440191388,
            "recall": 0.9761904761904762,
            "f1-score": 0.9785202863961814,
            "support": 1260.0
        },
        "True": {
            "precision": 0.7902097902097902,
            "recall": 0.8248175182481752,
            "f1-score": 0.8071428571428572,
            "support": 137.0
        },
        "accuracy": 0.9613457408732999,
        "macro avg": {
            "precision": 0.8855355171144645,
            "recall": 0.9005039972193256,
            "f1-score": 0.8928315717695192,
            "support": 1397.0
        },
        "weighted avg": {
            "precision": 0.9621645731731254,
            "recall": 0.9613457408732999,
            "f1-score": 0.9617137668487903,
            "support": 1397.0
        }
    },
    "roc_auc": 0.9804136253041362,
    "average_precision": 0.7973488548142545,
    "mcc": 0.7858969796973717,
    "specificity": 0.9761904761904762,
    "sensitivity": 0.8248175182481752,
    "precision": 0.7902097902097902,
    "recall": 0.8248175182481752,
    "f1": 0.8071428571428572
}